Set,RMSE,R²,AIC,BIC
Training,0.43114222755356796,0.7377307145749916,-1412.6524957741262,-1350.8881766779484
Test,0.5786196263835927,0.6316956714785967,-128.2850105659698,-89.95113199105361
