Set,RMSE,R²,AIC,BIC
Training,0.34919044239560443,0.8279593768397188,-1773.1556814209837,-1711.3913623248059
Test,0.5698906382871404,0.6427242435122075,-132.57164537882022,-94.23776680390404
