Set,RMSE,R²,AIC,BIC
Training,0.43175875226525284,0.7369800986719683,-1410.2089768512596,-1348.4446577550818
Test,0.5709199989222546,0.6414324246550827,-132.0627444825417,-93.7288659076255
