Test,Statistic,p-value
Bartlett’s Test,4.852615159905427,0.027604249917183223
Brown-Forsythe Test,4.471959370420601,0.034697760226719485
Engle’s ARCH Test,494.5245394528516,6.528821929109945e-100
