Set,RMSE,R²,AIC,BIC
Training,0.5442516984614965,0.5820677389003279,-1014.2673134102408,-952.502994314063
Test,0.527953749739523,0.6917871071662786,-155.404032782011,-116.9782810331946
