Set,RMSE,R²,AIC,BIC
Training,0.5511548652319485,0.5713985841385076,-992.7144546997473,-930.9501356035694
Test,0.5260954349795021,0.6939530111357894,-156.4054318558,-117.97968010698361
