Set,RMSE,R²,AIC,BIC
Training,0.530721381236942,0.6025893700719961,-1057.315953077501,-995.5516339813232
Test,0.5294531917211195,0.6900339095667046,-154.59858732575753,-116.17283557694114
