Set,RMSE,R²,AIC,BIC
Training,0.4891247046965717,0.6620484120840104,-1214.048948997294,-1152.103442299147
Test,0.5307879789554222,0.6873527928999581,-167.81814288663045,-128.4224499085288
