Set,RMSE,R²,AIC,BIC
Training,0.5610293151397904,0.555903428780226,-962.3494246417742,-900.5851055455964
Test,0.5496958013940547,0.6658789143972512,-143.94282876772098,-105.51707701890459
