Set,RMSE,R²,AIC,BIC
Training,0.6847509784688756,0.3376605593229083,-590.1967016235517,-566.3772770807395
Test,0.7895220543839894,0.30826312387412547,-69.32927636744395,-54.20987376321257
