Set,RMSE,R²,AIC,BIC
Training,0.5197124029330078,0.6184587864338785,-1094.2241398519268,-1051.349175674865
Test,0.545095322287251,0.670270877677167,-161.55323090597125,-134.33830621835477
