,Train,Test
RMSE,0.4917196333345161,0.5237621331348283
R^2,0.6584530651641296,0.6955748073096032
AIC,-1210.873962545911,-177.89559849001367
BIC,-1163.2235727781056,-147.5912192760893
